ParcelID,Hemisphere,Area_or_Volume,Vertices,Centroid_X,Centroid_Y,Centroid_Z,Region,Community,NetworkNumber
1,L,1411.6436,715,-11.2,-52.4,36.5,,Default,5
2,L,377.2543,275,-18.8,-48.7,65,,SMhand,1
3,L,437.1466,170,-51.8,-7.8,38.5,,SMmouth,2
4,L,368.6362,163,-11.7,26.7,57,,Default,5
5,L,870.9255,389,-18.4,-85.5,21.6,,Visual,7
6,L,1083.6667,887,-47.2,-58,30.8,,Default,5
7,L,91.3224,35,-38.1,48.8,10.5,,FrontoParietal,8
8,L,486.7238,177,-16.8,-60.1,-5.4,,Visual,7
9,L,95.001,49,-55.9,-47.7,-9.3,,FrontoParietal,8
10,L,179.8312,106,-32,-29.3,15.6,,Auditory,4
11,L,124.8179,52,-29.3,5.3,-27.4,,None,14
12,L,134.183,93,-6.1,-26,28.5,,CinguloParietal,15
13,L,266.8921,134,-14.4,-57.8,18.4,,RetrosplenialTemporal,16
14,L,246.5023,128,-8.8,-49.8,4.2,,RetrosplenialTemporal,16
15,L,1660.1678,636,-11.3,-83.2,3.9,,Visual,7
16,L,88.7269,39,-22,-58.1,1.5,,Visual,7
17,L,44.2265,14,-9.6,-58,3,,Visual,7
18,L,128.3953,62,-29,-35.9,-8.3,,None,14
19,L,60.4231,35,-18.5,-39.2,-1.1,,None,14
20,L,141.8696,71,-16.7,-46,-3.7,,Visual,7
21,L,551.0859,326,-16.6,-36.1,42.7,,CinguloOperc,3
22,L,508.2096,306,-9.4,-0.1,42.9,,CinguloOperc,3
23,L,271.578,84,-3.8,12.1,64.6,,VentralAttn,11
24,L,281.9111,111,-5.5,29.3,44,,FrontoParietal,8
25,L,200.8502,84,-5.6,42.2,35.1,,Default,5
26,L,121.3918,43,-1.7,-17.7,39.1,,Default,5
27,L,293.0499,138,-8.4,14.6,33.8,,CinguloOperc,3
28,L,67.6222,31,-9,25.3,27.7,,CinguloOperc,3
29,L,104.9029,38,-10,33.9,21.5,,Salience,9
30,L,49.1552,35,-10.7,-47.5,60.3,,SMhand,1
31,L,344.0583,153,-15.6,-33.1,66.1,,SMhand,1
32,L,116.2446,58,-10.9,-29.3,69.5,,SMhand,1
33,L,60.4678,30,-6.6,-20.4,74.2,,SMhand,1
34,L,267.7211,137,-8,-8.7,62.9,,CinguloOperc,3
35,L,240.9275,134,-10.8,-41.1,64.9,,SMhand,1
36,L,349.3319,188,-5,-28.2,60.4,,SMhand,1
37,L,150.3635,70,-5.4,-15.9,48.8,,SMhand,1
38,L,517.1534,243,-35.8,-29.7,54.5,,SMhand,1
39,L,141.7105,63,-41.5,-12.5,50.4,,SMmouth,2
40,L,97.7425,45,-42.1,-4.5,47.3,,CinguloOperc,3
41,L,345.6601,168,-27.3,-6.8,46.3,,DorsalAttn,12
42,L,95.2355,48,-27.3,1.9,52.9,,DorsalAttn,12
43,L,113.9601,56,-19.8,6.4,55.7,,DorsalAttn,12
44,L,518.7352,223,-19.5,30.1,45.5,,Default,5
45,L,387.8621,127,-36.8,-22.8,61.9,,SMhand,1
46,L,110.8519,52,-20.5,-24.9,64.5,,SMhand,1
47,L,320.2733,183,-23.4,-13.8,64.2,,SMhand,1
48,L,124.8237,72,-17.2,-8.6,67.9,,SMhand,1
49,L,136.5671,60,-21.3,-0.2,62.7,,DorsalAttn,12
50,L,176.8134,119,-28.6,-44.7,61.7,,SMhand,1
51,L,317.0145,231,-31.1,-48.9,47.1,,DorsalAttn,12
52,L,181.2718,160,-42.9,-45,43,,DorsalAttn,12
53,L,854.7689,405,-51.5,-11.9,29.7,,SMmouth,2
54,L,93.9784,70,-54.1,-21.3,40.8,,SMhand,1
55,L,189.2331,120,-51.7,-30.9,39.9,,DorsalAttn,12
56,L,319.1362,240,-35.2,-35.3,42,,SMhand,1
57,L,205.5869,104,-27.5,-37.2,61.4,,SMhand,1
58,L,228.0456,119,-47.2,-31.4,54.8,,SMhand,1
59,L,107.6144,46,-46.1,-17.8,52.7,,SMmouth,2
60,L,51.2597,49,-44.8,-54,14.6,,VentralAttn,11
61,L,72.0454,42,-51.6,-55.9,11.4,,VentralAttn,11
62,L,1211.1713,645,-48.1,-40,2.4,,VentralAttn,11
63,L,400.9798,226,-57.7,-40.6,35.8,,CinguloOperc,3
64,L,69.8136,46,-46.3,-41.4,25.9,,Auditory,4
65,L,57.6828,41,-35.8,-33.5,19.9,,Auditory,4
66,L,318.1656,155,-52.7,-20.6,5.4,,Auditory,4
67,L,133.6981,59,-59.6,-38.5,16.5,,Auditory,4
68,L,184.7656,76,-58.7,-29.9,11.1,,Auditory,4
69,L,87.5338,59,-40.6,-38.3,14.5,,Auditory,4
70,L,77.923,33,-33.7,-21.8,9.9,,Auditory,4
71,L,258.3157,152,-38.7,-16,-5.3,,CinguloOperc,3
72,L,314.4165,179,-39.1,-1.6,-12.2,,CinguloOperc,3
73,L,435.4788,129,-33.6,17.2,-31.5,,None,14
74,L,213.1817,86,-43.6,36.3,8.5,,DorsalAttn,12
75,L,231.0316,104,-50,20.8,10.6,,VentralAttn,11
76,L,405.8736,224,-37.7,2.9,11.7,,CinguloOperc,3
77,L,177.8053,112,-37.2,-14,19.4,,Auditory,4
78,L,388.3207,145,-40.3,50.4,-4.8,,FrontoParietal,8
79,L,139.1158,50,-47.2,39,-9.1,,VentralAttn,11
80,L,558.2962,236,-29.1,20.5,-14,,VentralAttn,11
81,L,114.4808,45,-36.6,1.4,6.4,,CinguloOperc,3
82,L,96.9825,35,-37.3,8.9,-0.9,,CinguloOperc,3
83,L,78.1451,32,-32.5,17.2,-7.8,,Salience,9
84,L,420.8512,244,-28.8,23.7,8.4,,CinguloOperc,3
85,L,119.4697,54,-44.3,33.2,-7.2,,VentralAttn,11
86,L,110.6818,56,-45.4,28.8,0.8,,VentralAttn,11
87,L,429.2031,315,-20.4,-64.6,51.4,,DorsalAttn,12
88,L,259.5151,139,-25.8,-65,32.2,,DorsalAttn,12
89,L,118.0988,54,-12.7,-64.9,31.8,,CinguloParietal,15
90,L,186.6595,83,-13.7,-77.4,26.6,,Visual,7
91,L,259.2567,198,-9.9,-56.9,59.8,,DorsalAttn,12
92,L,81.3067,52,-7.1,-63.7,54.9,,DorsalAttn,12
93,L,214.9129,118,-10.9,-73.4,42.9,,CinguloParietal,15
94,L,485.8351,247,-39.3,-73.9,38.3,,Default,5
95,L,112.4037,45,-30,-74.1,36.1,,DorsalAttn,12
96,L,194.9111,181,-34.1,-61,42.4,,FrontoParietal,8
97,L,618.9258,255,-31.3,-84.2,9,,Visual,7
98,L,199.9098,84,-34.2,-86.6,-0.5,,Visual,7
99,L,343.7314,244,-43.4,-67.6,9.7,,Visual,7
100,L,1018.5765,538,-46.2,-57.7,-7.9,,DorsalAttn,12
101,L,130.0901,85,-59.8,-4.1,8.8,,CinguloOperc,3
102,L,84.3721,61,-52.2,-14.1,15.2,,Auditory,4
103,L,219.1806,95,-55.1,-32.3,23,,CinguloOperc,3
104,L,235.3478,136,-50.6,-22.4,19.2,,Auditory,4
105,L,316.5642,208,-58.8,-23.9,31,,CinguloOperc,3
106,L,493.9182,239,-45.2,2.7,32.4,,DorsalAttn,12
107,L,75.7565,49,-34.7,5.6,34,,DorsalAttn,12
108,L,86.8292,43,-43,19.4,33.5,,FrontoParietal,8
109,L,275.3985,151,-40.2,23.6,23.3,,FrontoParietal,8
110,L,179.3036,85,-37.6,38.4,17.2,,DorsalAttn,12
111,L,190.3067,102,-51.8,-0.6,5,,CinguloOperc,3
112,L,375.4921,159,-48.6,7.5,11.1,,CinguloOperc,3
113,L,79.561,42,-41.6,8.7,22.2,,DorsalAttn,12
114,L,85.7529,41,-27.5,53.6,0,,Default,5
115,L,109.5577,34,-23.4,61,-6.8,,None,14
116,L,539.1494,183,-5.9,54.8,-11.3,,Default,5
117,L,307.5771,144,-6.8,38.2,-9.4,,Default,5
118,L,45.3309,47,-31.8,2.6,-16.8,,None,14
119,L,111.1368,42,-34.7,35.6,-9.6,,None,14
120,L,348.1822,108,-22.5,32.1,-13.6,,None,14
121,L,122.3215,49,-23.8,52.2,-12.8,,None,14
122,L,235.9842,57,-17.3,46.6,-17.9,,None,14
123,L,212.1556,82,-13.3,24,-16.4,,None,14
124,L,110.5932,34,-8.9,45.5,-20.8,,None,14
125,L,87.1769,31,-2.5,33.8,-26.2,,None,14
126,L,141.899,51,-63.2,-28.7,-7.2,,Default,5
127,L,776.4789,295,-53.1,-11.4,-16,,Default,5
128,L,500.0096,137,-53.2,-13,-29.2,,None,14
129,L,538.0861,161,-44.6,9,-37,,None,14
130,L,375.565,145,-33.8,-33.2,-15.4,,RetrosplenialTemporal,16
131,L,296.7072,117,-28.8,-58.8,-9.1,,Visual,7
132,L,201.042,63,-34.4,-63.9,-15.7,,Visual,7
133,L,155.4423,70,-55.1,-39.6,-16.2,,None,14
134,L,142.4904,41,-32,-3.9,-45.2,,None,14
135,L,175.8343,73,-38.6,-13,-26.9,,None,14
136,L,314.0602,80,-34.3,-43.8,-21.6,,Visual,7
137,L,482.8474,181,-5.4,-88,18.6,,Visual,7
138,L,141.7905,57,-8.6,-77.5,-3.5,,Visual,7
139,L,230.3638,148,-41.2,-72.1,-5.9,,Visual,7
140,L,353.1761,143,-25.2,-97.2,-7.9,,Visual,7
141,L,540.5193,303,-22.6,-81.7,-11.7,,Visual,7
142,L,221.3314,71,-20.5,-12.6,-23.7,,None,14
143,L,155.9617,51,-22.5,-37.1,-15,,RetrosplenialTemporal,16
144,L,205.0984,74,-22,-21.9,-17.4,,None,14
145,L,177.8342,97,-15.9,48.6,37.2,,Default,5
146,L,272.8985,99,-19.5,56.3,27.5,,Default,5
147,L,55.3071,30,-26.6,46.8,20.9,,CinguloOperc,3
148,L,193.79,68,-21.3,63.1,1.9,,FrontoParietal,8
149,L,106.1582,48,-28.6,50.9,10.1,,FrontoParietal,8
150,L,685.0619,280,-6.5,54.7,18.1,,Default,5
151,L,150.8711,47,-15.7,64.7,13.7,,Default,5
152,L,176.6896,72,-6,44.9,6.3,,Default,5
153,L,162.4348,84,-28.8,38.3,28.2,,CinguloOperc,3
154,L,104.9614,59,-26.2,26.6,38.8,,Default,5
155,L,150.8689,72,-35.7,33.1,32,,DorsalAttn,12
156,L,139.2005,54,-29.3,16.8,50.7,,Default,5
157,L,351.7286,147,-41.7,16.1,47.5,,Default,5
158,L,113.2882,70,-38.7,4.8,48.4,,VentralAttn,11
159,L,241.8987,70,-50.8,6.9,-20.1,,None,14
160,L,387.7637,122,-54.4,-1.4,-0.7,,Auditory,4
161,L,94.8631,37,-59,-18,-3,,VentralAttn,11
162,R,1286.0436,674,12.3,-51.6,34.5,,Default,5
163,R,422.4615,304,20.8,-48.2,66.1,,SMhand,1
164,R,303.2644,132,49.6,-7.4,36.1,,SMmouth,2
165,R,445.2963,161,11.9,21.9,59.9,,Default,5
166,R,593.5447,239,22,-84.6,23.7,,Visual,7
167,R,154.2867,143,47.9,-42.5,41.5,,FrontoParietal,8
168,R,156.6639,70,38.1,45.9,7.7,,FrontoParietal,8
169,R,102.0263,38,22.3,-46.5,-9.9,,Visual,7
170,R,259.3776,116,59.7,-41,-10.9,,FrontoParietal,8
171,R,168.9272,129,33.6,-22.3,13,,Auditory,4
172,R,252.9815,98,32.5,13.6,-30.5,,None,14
173,R,138.0361,90,7.6,-27,28.4,,CinguloParietal,15
174,R,514.0554,257,13.8,-54.1,10.9,,RetrosplenialTemporal,16
175,R,1935.3433,665,15.5,-74.1,9.4,,Visual,7
176,R,271.7806,139,19.6,-45.3,-4.4,,Visual,7
177,R,248.7267,86,15.6,-59.6,-5,,Visual,7
178,R,94.8293,57,24.9,-35.9,-4.8,,None,14
179,R,92.6377,45,19.4,-29.9,-9.7,,None,14
180,R,697.6518,459,16.2,-33.1,43.2,,CinguloOperc,3
181,R,86.6935,44,6.7,5,55.9,,CinguloOperc,3
182,R,259.7731,97,7,25.7,47.3,,FrontoParietal,8
183,R,103.7473,40,8.4,34.7,22.6,,Salience,9
184,R,375.3193,132,7.7,44.1,5.5,,Default,5
185,R,494.779,250,8.6,4.2,40.1,,CinguloOperc,3
186,R,85.9457,30,3,-19.6,37.9,,Default,5
187,R,80.7702,45,8.8,10.8,45.9,,CinguloOperc,3
188,R,175.5568,66,6,21.8,32.4,,CinguloOperc,3
189,R,381.2393,258,10.3,-57.3,58.3,,DorsalAttn,12
190,R,372.7294,196,16.5,-32.8,67.7,,SMhand,1
191,R,479.451,256,4.8,-27.1,64.8,,SMhand,1
192,R,117.9189,69,16.2,0.8,67.5,,CinguloOperc,3
193,R,182.5813,111,11.9,-40.7,67,,SMhand,1
194,R,63.6578,34,5.1,-17.1,51.6,,SMhand,1
195,R,123.7458,73,6.8,-8.1,50.9,,SMhand,1
196,R,213.2576,126,8,-6.2,63.7,,CinguloOperc,3
197,R,225.414,105,42.3,-11,47.3,,SMmouth,2
198,R,153.6415,81,42.5,-2.3,47.2,,CinguloOperc,3
199,R,125.3723,67,29.2,1.9,52.4,,DorsalAttn,12
200,R,368.354,194,21.9,21,46.2,,Default,5
201,R,358.5175,140,38.1,-22.4,60.3,,SMhand,1
202,R,140.6772,72,19.7,-25,65.2,,SMhand,1
203,R,252.1197,128,29.9,-7.8,47.4,,DorsalAttn,12
204,R,69.6388,35,12.4,-28.3,69.6,,SMhand,1
205,R,193.0225,103,29.2,-13.5,64.2,,SMhand,1
206,R,81.8931,43,17,-16.9,70.9,,SMhand,1
207,R,144.0156,85,20.9,-6.4,65,,SMhand,1
208,R,162.1634,69,22.6,5.6,57.6,,DorsalAttn,12
209,R,117.7734,80,29.5,-42.5,60.4,,SMhand,1
210,R,42.8535,35,34.2,-40.6,51.6,,SMhand,1
211,R,139.5682,181,38.8,-42.6,40.4,,DorsalAttn,12
212,R,813.603,361,53.9,-8.3,26.1,,SMmouth,2
213,R,325.8075,281,39.6,-31.5,39.7,,SMhand,1
214,R,221.7426,128,28,-34.8,63.1,,SMhand,1
215,R,95.0339,42,39.2,-34.6,57.5,,SMhand,1
216,R,550.1501,270,37.3,-25.9,50.9,,SMhand,1
217,R,208.7083,91,48.7,-26.1,52.2,,SMhand,1
218,R,134.1968,54,47.8,-15.1,49.3,,SMmouth,2
219,R,301.358,218,57.5,-40.3,34.7,,CinguloOperc,3
220,R,658.6387,444,48.9,-53,28.6,,Default,5
221,R,126.8352,61,57.5,-45.3,9,,VentralAttn,11
222,R,146.9686,58,60.9,-38.7,1.7,,VentralAttn,11
223,R,1236.7323,829,54.9,-27,29.6,,CinguloOperc,3
224,R,178.7904,135,36.4,-30.7,19.4,,Auditory,4
225,R,259.4568,85,62.5,-25.6,-5.5,,Default,5
226,R,134.841,55,57.1,-17,-2.6,,VentralAttn,11
227,R,350.4678,143,53.8,-15.8,5.2,,Auditory,4
228,R,82.9075,56,47.4,-39.6,13.2,,VentralAttn,11
229,R,171.3249,109,45.5,-37.3,3.4,,VentralAttn,11
230,R,116.8923,57,59.2,-38.6,14.6,,Auditory,4
231,R,186.7755,96,48.5,-26.5,-0.1,,VentralAttn,11
232,R,98.1676,36,61.7,-24,1.3,,Auditory,4
233,R,238.2135,117,60,-25.2,10.2,,Auditory,4
234,R,296.7274,184,38.8,-14.4,-5,,CinguloOperc,3
235,R,277.0127,163,39.7,1.2,-13.1,,CinguloOperc,3
236,R,243.2837,104,36.8,37.8,13.1,,DorsalAttn,12
237,R,121.2342,60,52.5,23.7,10.3,,VentralAttn,11
238,R,206.3929,134,36.7,5.2,12.7,,CinguloOperc,3
239,R,112.8737,82,38.4,-12.2,20,,Auditory,4
240,R,306.7999,104,42.8,48.3,-5.1,,FrontoParietal,8
241,R,92.8435,32,48.1,38.3,-9.2,,VentralAttn,11
242,R,268.7343,132,45.2,30.7,-5.6,,VentralAttn,11
243,R,272.1276,123,27.4,19.7,-14.9,,VentralAttn,11
244,R,60.859,39,36.6,-10,12.4,,Auditory,4
245,R,160.3669,65,39.6,10.4,-1.6,,CinguloOperc,3
246,R,134.1318,60,36.5,5.7,6,,CinguloOperc,3
247,R,109.4554,62,30.6,22.8,-4.7,,Salience,9
248,R,87.5638,42,33.7,22.6,3.7,,CinguloOperc,3
249,R,317.1816,207,34,24.4,10,,CinguloOperc,3
250,R,93.8732,38,48.1,38.4,2.4,,DorsalAttn,12
251,R,224.6477,179,26.8,-55,54.2,,Visual,7
252,R,362.1161,243,23,-66.4,51.8,,DorsalAttn,12
253,R,265.5131,138,32.3,-63.6,33.8,,DorsalAttn,12
254,R,287.7833,159,15.6,-69.5,39.6,,CinguloParietal,15
255,R,161.0414,67,17.6,-78.3,34,,Visual,7
256,R,100.2299,31,7.7,-85.6,31.6,,Visual,7
257,R,53.1597,39,7.4,-69.3,49.9,,Default,5
258,R,196.9966,81,35.4,-77.1,21.1,,Visual,7
259,R,709.9593,350,46.5,-67.3,36.2,,Default,5
260,R,59.9758,52,41.5,-53.5,44,,FrontoParietal,8
261,R,39.9006,37,35.7,-56.7,45.2,,FrontoParietal,8
262,R,156.9758,130,33.5,-48.2,49.4,,DorsalAttn,12
263,R,1229.8269,526,31.7,-85.7,2.4,,Visual,7
264,R,434.2555,235,43.8,-67.2,2,,Visual,7
265,R,732.0485,376,47.3,-52.4,-11.7,,Visual,7
266,R,79.8507,42,57,-53.8,-1.1,,DorsalAttn,12
267,R,156.0239,92,49,-54.5,8.8,,Visual,7
268,R,130.8316,58,60.9,-2.2,10.7,,Auditory,4
269,R,158.6212,84,54.2,-13.6,16.9,,Auditory,4
270,R,163.128,117,53,-22.7,39.1,,SMhand,1
271,R,232.1352,115,47.3,2,37.6,,DorsalAttn,12
272,R,168.7146,99,37.8,28.7,35.6,,FrontoParietal,8
273,R,356.9694,167,41.8,29.1,21.6,,FrontoParietal,8
274,R,288.886,114,50.1,3,3.9,,CinguloOperc,3
275,R,846.8954,405,46.6,7.8,19.3,,DorsalAttn,12
276,R,58.8152,48,38.6,18.8,25.5,,FrontoParietal,8
277,R,327.9747,104,28.4,57,-5.1,,FrontoParietal,8
278,R,279.6353,74,4.8,65.1,-7.1,,Default,5
279,R,422.7278,155,7.2,48.4,-10.1,,Default,5
280,R,237.0121,66,2.9,18.7,-23.2,,None,14
281,R,218.6388,76,35.1,37.3,-8.4,,None,14
282,R,75.7862,52,25.4,8.9,-15.7,,None,14
283,R,296.9905,106,21.2,30.3,-15.2,,None,14
284,R,288.0256,79,21.6,51.1,-14.1,,None,14
285,R,38.5266,14,11.9,25.7,-24.8,,None,14
286,R,93.8852,35,13.5,20.3,-15.2,,None,14
287,R,288.3102,89,10.9,39.1,-19.7,,None,14
288,R,108.7804,22,2.2,39,-25.6,,None,14
289,R,76.9437,34,62.3,-26.4,-16,,None,14
290,R,711.4259,223,57.5,-7.4,-16.4,,Default,5
291,R,160.0829,48,54.7,-7.8,-26.9,,None,14
292,R,799.9802,246,45.2,13.6,-30.1,,None,14
293,R,72.3148,32,31.2,-45.6,-5.8,,Visual,7
294,R,86.3581,36,34.6,-35.6,-12.3,,RetrosplenialTemporal,16
295,R,196.8379,87,34.6,-23.9,-20.4,,RetrosplenialTemporal,16
296,R,181.8441,77,20.1,-21.4,-21.5,,None,14
297,R,96.6098,44,28,-0.4,-37.3,,None,14
298,R,938.133,407,26.9,-69.1,-6.6,,Visual,7
299,R,568.8912,152,34.9,-44,-20,,Visual,7
300,R,162.123,73,36.8,7.7,-37.9,,None,14
301,R,282.8087,68,54.5,-9.6,-37,,None,14
302,R,71.2382,34,56.4,-27,-19.4,,None,14
303,R,183.4216,70,31.1,2.2,-46.1,,None,14
304,R,162.0045,79,39.5,-11.9,-29.7,,None,14
305,R,72.6422,33,31.6,-9.4,-35.5,,None,14
306,R,106.2751,52,43.4,-24.1,-20.8,,None,14
307,R,187.6045,100,13.8,-92.3,14.7,,Visual,7
308,R,209.8972,84,10.5,-73.8,-1.5,,Visual,7
309,R,142.2532,66,20.4,-87.3,-6.6,,Visual,7
310,R,161.0441,59,5.1,-80.2,23.1,,Visual,7
311,R,132.4753,35,14.6,-70.3,23.3,,Visual,7
312,R,218.2529,83,19.5,-10.8,-24.9,,None,14
313,R,109.9835,34,24.5,-36.2,-13.2,,RetrosplenialTemporal,16
314,R,65.8617,37,30.4,-18.8,-19.4,,None,14
315,R,200.1364,115,21,32.8,42.1,,Default,5
316,R,111.1649,55,21.4,42.8,35.1,,Default,5
317,R,119.2545,48,24.4,50.8,24.3,,CinguloOperc,3
318,R,300.2814,164,31.3,39.7,25.6,,CinguloOperc,3
319,R,254.779,89,23.5,59.1,4.9,,FrontoParietal,8
320,R,96.1945,44,30.9,52.2,9.9,,FrontoParietal,8
321,R,285.4723,113,16,61,19.8,,Default,5
322,R,494.1675,188,8.2,53.8,14,,Default,5
323,R,118.0971,34,5.9,54.9,29.4,,Default,5
324,R,201.5247,66,13.8,46.7,42.1,,Default,5
325,R,251.6252,75,6.8,44.5,34.8,,Default,5
326,R,83.9548,46,30.6,18.9,48.7,,Default,5
327,R,384.2628,171,42.4,19.5,48.2,,FrontoParietal,8
328,R,142.111,77,38.9,9.6,42.7,,FrontoParietal,8
329,R,15.9589,10,39.7,-22.5,2.6,,Auditory,4
330,R,415.3981,142,55.8,2,-2,,Auditory,4
331,R,101.3923,30,54.4,1.1,-12.9,,Default,5
332,R,129.568,44,57.1,-6.3,-7.7,,VentralAttn,11
333,R,66.6635,43,46.6,-21.5,-8.5,,VentralAttn,11
334,R,656,82,20.2,-11.3,-21.1,HIP-head-m1-rh,Subcortical,10
335,R,336,42,21.8,-17.5,-17.1,HIP-head-m2-rh,Subcortical,10
336,R,1576,197,8.9,-14.6,3.9,THA-VAip-rh,Subcortical,10
337,R,1096,137,6,-6.7,2.5,THA-VAia-rh,Subcortical,10
338,R,1520,190,29.7,-14.5,-20.2,HIP-head-l-rh,Subcortical,10
339,R,1464,183,30.3,-27.4,-10.8,HIP-body-rh,Subcortical,10
340,R,704,88,24.9,-37.2,-1.2,HIP-tail-rh,Subcortical,10
341,R,696,87,9.6,-24.1,1.8,THA-VPm-rh,Subcortical,10
342,R,776,97,17.5,-21.3,3.7,THA-VPl-rh,Subcortical,10
343,R,1568,196,9.8,-9.1,11.9,THA-VAs-rh,Subcortical,10
344,R,1240,155,9.8,-24,11,THA-DAm-rh,Subcortical,10
345,R,904,113,16.3,-19.6,12.5,THA-DAl-rh,Subcortical,10
346,R,1632,204,22.3,11.5,-5.3,PUT-VA-rh,Subcortical,10
347,R,1584,198,25.8,6.6,1.2,PUT-DA-rh,Subcortical,10
348,R,1720,215,30.7,-10.7,-0.6,PUT-VP-rh,Subcortical,10
349,R,1656,207,27.2,-2,6.4,PUT-DP-rh,Subcortical,10
350,R,752,94,9.9,11.9,5,CAU-VA-rh,Subcortical,10
351,R,1160,145,15.3,17.5,8.2,CAU-DA-rh,Subcortical,10
352,R,768,96,14.1,5.6,15.5,CAU-body-rh,Subcortical,10
353,R,312,39,15.7,-2.6,19.8,CAU-tail-rh,Subcortical,10
354,R,1056,132,27.1,-2.2,-22.4,lAMY-rh,Subcortical,10
355,R,1336,167,21.1,-5.5,-16.4,mAMY-rh,Subcortical,10
356,R,1568,196,17,-30.8,2.9,THA-DP-rh,Subcortical,10
357,R,864,108,11.1,11,-7,NAc-shell-rh,Subcortical,10
358,R,640,80,14.6,18.8,-3.1,NAc-core-rh,Subcortical,10
359,R,664,83,23.3,-8.1,-1.9,pGP-rh,Subcortical,10
360,R,856,107,17.7,-0.1,-1.8,aGP-rh,Subcortical,10
361,L,632,79,-18.2,-11.2,-21.2,HIP-head-m1-lh,Subcortical,10
362,L,328,41,-19.9,-17.5,-17.1,HIP-head-m2-lh,Subcortical,10
363,L,1552,194,-7,-14.6,4,THA-VAip-lh,Subcortical,10
364,L,1016,127,-4.3,-6.9,2.5,THA-VAia-lh,Subcortical,10
365,L,1632,204,-27.8,-14.9,-20.3,HIP-head-l-lh,Subcortical,10
366,L,1320,165,-28.4,-27.8,-11.1,HIP-body-lh,Subcortical,10
367,L,768,96,-22.3,-37.8,-1.3,HIP-tail-lh,Subcortical,10
368,L,696,87,-7.6,-24.1,1.8,THA-VPm-lh,Subcortical,10
369,L,776,97,-15.5,-21.3,3.7,THA-VPl-lh,Subcortical,10
370,L,1456,182,-8.5,-9.2,11.9,THA-VAs-lh,Subcortical,10
371,L,1160,145,-8,-23.9,10.9,THA-DAm-lh,Subcortical,10
372,L,1040,130,-14.6,-19.7,12.9,THA-DAl-lh,Subcortical,10
373,L,1512,189,-20.5,11.1,-5.7,PUT-VA-lh,Subcortical,10
374,L,1528,191,-24.3,6.2,0.6,PUT-DA-lh,Subcortical,10
375,L,1840,230,-28.9,-11.1,-0.4,PUT-VP-lh,Subcortical,10
376,L,1728,216,-25.7,-2.1,6.6,PUT-DP-lh,Subcortical,10
377,L,880,110,-8.5,11.3,5,CAU-VA-lh,Subcortical,10
378,L,1232,154,-13.7,17.1,8,CAU-DA-lh,Subcortical,10
379,L,840,105,-12.2,5.5,15.3,CAU-body-lh,Subcortical,10
380,L,336,42,-13.8,-2.6,19.7,CAU-tail-lh,Subcortical,10
381,L,968,121,-25.4,-2.9,-22.3,lAMY-lh,Subcortical,10
382,L,1224,153,-19.7,-6.2,-16.3,mAMY-lh,Subcortical,10
383,L,1608,201,-14.9,-30.9,2.8,THA-DP-lh,Subcortical,10
384,L,864,108,-9.1,10.9,-6.9,NAc-shell-lh,Subcortical,10
385,L,680,85,-12.7,18.6,-2.9,NAc-core-lh,Subcortical,10
386,L,664,83,-21.3,-8.1,-1.9,pGP-lh,Subcortical,10
387,L,832,104,-15.8,-0.2,-1.9,aGP-lh,Subcortical,10
388,L,5144,418,-7,-45,-17,"Left I-IV",Cerebellum,13
389,R,5288,433,9.9,-43.5,-18.2,"Right I-IV",Cerebellum,13
390,L,5464,598,-13.4,-50.2,-19,"Left V",Cerebellum,13
391,R,5368,593,14.4,-51.1,-18.8,"Right V",Cerebellum,13
392,L,12128,1358,-22.5,-59,-24.9,"Left VI",Cerebellum,13
393,M,3112,308,0.9,-70.7,-20.5,"Vermis VI",Cerebellum,13
394,R,11464,1271,24.1,-58.8,-25.1,"Right VI",Cerebellum,13
395,L,19248,1925,-35.4,-68.5,-32.1,"Left Crus I",Cerebellum,13
396,M,24,2,-4,-79.3,-25.3,"Vermis Crus I",Cerebellum,13
397,R,18840,1979,37.3,-67.4,-31.7,"Right Crus I",Cerebellum,13
398,L,14432,1464,-25.3,-75.2,-42.3,"Left Crus II",Cerebellum,13
399,M,624,57,0.7,-75.6,-31.2,"Vermis Crus II",Cerebellum,13
400,R,13256,1402,25.4,-76.6,-40.9,"Right Crus II",Cerebellum,13
401,L,5688,659,-24.6,-67,-50.6,"Left VIIb",Cerebellum,13
402,M,248,30,0.3,-69,-31.2,"Vermis VIIb",Cerebellum,13
403,R,6320,741,26.7,-66.7,-50.3,"Right VIIb",Cerebellum,13
404,L,5776,667,-22.9,-58.9,-52.3,"Left VIIIa",Cerebellum,13
405,M,1632,178,0.7,-67.4,-37.3,"Vermis VIIIa",Cerebellum,13
406,R,6064,706,24.7,-58.8,-52.7,"Right VIIIa",Cerebellum,13
407,L,4984,533,-16.3,-51.9,-54.6,"Left VIIIb",Cerebellum,13
408,M,728,86,0.2,-64,-41.2,"Vermis VIIIb",Cerebellum,13
409,R,4936,563,17.2,-51.5,-54.2,"Right VIIIb",Cerebellum,13
410,L,4848,486,-6.3,-54.6,-48.9,"Left IX",Cerebellum,13
411,M,992,118,0.4,-56.5,-37.3,"Vermis IX",Cerebellum,13
412,R,4864,522,7.2,-55,-48.4,"Right IX",Cerebellum,13
413,L,816,89,-20.3,-38.3,-45,"Left X",Cerebellum,13
414,M,400,46,1.1,-48.2,-35.7,"Vermis X",Cerebellum,13
415,R,872,91,21,-37.9,-44.9,"Right X",Cerebellum,13
416,L,1688,5,-14,-59,-34.7,"Left Dentate",Cerebellum,13
417,R,1696,1,15.9,-59,-34.8,"Right Dentate",Cerebellum,13
418,L,256,1,-5.9,-56.9,-29.2,"Left Interposed",Cerebellum,13
419,R,248,0,7.9,-56.8,-29,"Right Interposed",Cerebellum,13
420,L,48,0,-1.3,-53,-27.3,"Left Fastigial",Cerebellum,13
421,R,48,0,3.3,-53,-27.3,"Right Fastigial",Cerebellum,13
